{
  "n_cap": 2000,
  "per_config": {
    "baseline_fl": {
      "home_a": {
        "auc_mean": 0.5013487666666666,
        "auc_std": 0.0031969115803109575,
        "tpr_at_1fpr_mean": 0.007033333333333334,
        "tpr_at_1fpr_std": 0.0017862126288758448,
        "tpr_at_5fpr_mean": 0.036500000000000005,
        "tpr_at_5fpr_std": 0.0024386927281275553,
        "advantage_mean": 0.020800000000000006,
        "advantage_std": 0.0036353205574688333
      },
      "home_b": {
        "auc_mean": 0.5043728228314983,
        "auc_std": 0.0035424779439556893,
        "tpr_at_1fpr_mean": 0.00728620576666209,
        "tpr_at_1fpr_std": 0.0010598116263828444,
        "tpr_at_5fpr_mean": 0.04252660859801537,
        "tpr_at_5fpr_std": 0.005695433839906652,
        "advantage_mean": 0.026715748250879228,
        "advantage_std": 0.003454206222051285
      },
      "equal_avg": {
        "auc_mean": 0.5028607947490824,
        "auc_std": 0.0020836958343172923,
        "tpr_at_1fpr_mean": 0.007159769549997713,
        "tpr_at_1fpr_std": 0.0010795430818655053,
        "tpr_at_5fpr_mean": 0.039513304299007686,
        "tpr_at_5fpr_std": 0.002653640059634683,
        "advantage_mean": 0.023757874125439622,
        "advantage_std": 0.002637156302119146
      }
    },
    "fs_mild": {
      "home_a": {
        "auc_mean": 0.4998204125,
        "auc_std": 0.0015437830375119607,
        "tpr_at_1fpr_mean": 0.005699999999999999,
        "tpr_at_1fpr_std": 0.0010063686092967017,
        "tpr_at_5fpr_mean": 0.03585,
        "tpr_at_5fpr_std": 0.004570254065390918,
        "advantage_mean": 0.018966666666666677,
        "advantage_std": 0.0011088031585653325
      },
      "home_b": {
        "auc_mean": 0.5026981273303599,
        "auc_std": 0.005850038758881859,
        "tpr_at_1fpr_mean": 0.008253168391904297,
        "tpr_at_1fpr_std": 0.0014795221775231457,
        "tpr_at_5fpr_mean": 0.04462968428530125,
        "tpr_at_5fpr_std": 0.005901825746789778,
        "advantage_mean": 0.02767353775499426,
        "advantage_std": 0.0033099177086918373
      },
      "equal_avg": {
        "auc_mean": 0.5012592699151799,
        "auc_std": 0.002619159216596264,
        "tpr_at_1fpr_mean": 0.006976584195952149,
        "tpr_at_1fpr_std": 0.000645987865977347,
        "tpr_at_5fpr_mean": 0.040239842142650625,
        "tpr_at_5fpr_std": 0.005019421363999571,
        "advantage_mean": 0.023320102210830466,
        "advantage_std": 0.001287601898948716
      }
    },
    "dp_sgd": {
      "home_a": {
        "auc_mean": 0.5017374541666666,
        "auc_std": 0.001359659627188227,
        "tpr_at_1fpr_mean": 0.003966666666666667,
        "tpr_at_1fpr_std": 0.0012456591294036528,
        "tpr_at_5fpr_mean": 0.03436666666666667,
        "tpr_at_5fpr_std": 0.007807510629017564,
        "advantage_mean": 0.018916666666666672,
        "advantage_std": 0.0017151287609583894
      },
      "home_b": {
        "auc_mean": 0.5000669293930742,
        "auc_std": 0.0025619056333835316,
        "tpr_at_1fpr_mean": 0.006099007542714151,
        "tpr_at_1fpr_std": 0.0009976374716719407,
        "tpr_at_5fpr_mean": 0.03893500137993158,
        "tpr_at_5fpr_std": 0.0017970458755107905,
        "advantage_mean": 0.022771716833740456,
        "advantage_std": 0.0023049625613988907
      },
      "equal_avg": {
        "auc_mean": 0.5009021917798704,
        "auc_std": 0.0017324738764406416,
        "tpr_at_1fpr_mean": 0.005032837104690409,
        "tpr_at_1fpr_std": 0.0005893450460213342,
        "tpr_at_5fpr_mean": 0.03665083402329912,
        "tpr_at_5fpr_std": 0.004276946906803414,
        "advantage_mean": 0.02084419175020356,
        "advantage_std": 0.0017015008648305757
      }
    }
  },
  "paired_ci": {
    "auc_fs_mild_minus_baseline": {
      "mean_diff": -0.0016015248339025234,
      "ci_low": -0.004129566487611094,
      "ci_high": 0.0009265168198060473
    },
    "tpr1_fs_mild_minus_baseline": {
      "mean_diff": -0.00018318535404556485,
      "ci_low": -0.002141211918738712,
      "ci_high": 0.0017748412106475824
    },
    "tpr5_fs_mild_minus_baseline": {
      "mean_diff": 0.0007265378436429396,
      "ci_low": -0.0037021590219695494,
      "ci_high": 0.0051552347092554286
    },
    "auc_fs_mild_minus_dp_sgd": {
      "mean_diff": 0.0003570781353094743,
      "ci_low": -0.0038207149071354854,
      "ci_high": 0.004534871177754434
    },
    "tpr1_fs_mild_minus_dp_sgd": {
      "mean_diff": 0.0019437470912617393,
      "ci_low": 0.000653345532199476,
      "ci_high": 0.0032341486503240026
    },
    "tpr5_fs_mild_minus_dp_sgd": {
      "mean_diff": 0.0035890081193515,
      "ci_low": -0.004932413122528321,
      "ci_high": 0.012110429361231322
    }
  }
}