{
  "config": "dp_sgd",
  "seed": 123,
  "home_a": {
    "per_class": {
      "Collaborative": {
        "auc": 0.50096825,
        "tpr_at_1fpr": 0.0125,
        "tpr_at_5fpr": 0.038,
        "advantage": 0.026000000000000023,
        "n_samples": 2000
      },
      "Media": {
        "auc": 0.514237125,
        "tpr_at_1fpr": 0.0,
        "tpr_at_5fpr": 0.0,
        "advantage": 0.03149999999999997,
        "n_samples": 2000
      },
      "Network": {
        "auc": 0.4933176250000001,
        "tpr_at_1fpr": 0.0,
        "tpr_at_5fpr": 0.0,
        "advantage": 0.0050000000000000044,
        "n_samples": 2000
      },
      "SocialNetwork": {
        "auc": 0.5120862500000001,
        "tpr_at_1fpr": 0.0,
        "tpr_at_5fpr": 0.048,
        "advantage": 0.03499999999999992,
        "n_samples": 2000
      },
      "System": {
        "auc": 0.494184125,
        "tpr_at_1fpr": 0.0005,
        "tpr_at_5fpr": 0.042,
        "advantage": 0.010000000000000009,
        "n_samples": 2000
      },
      "Web": {
        "auc": 0.5005012500000001,
        "tpr_at_1fpr": 0.0,
        "tpr_at_5fpr": 0.0,
        "advantage": 0.01200000000000001,
        "n_samples": 2000
      }
    },
    "macro": {
      "auc": 0.5025491041666666,
      "tpr_at_1fpr": 0.002166666666666667,
      "tpr_at_5fpr": 0.021333333333333333,
      "advantage": 0.019916666666666655
    }
  },
  "home_b": {
    "per_class": {
      "Collaborative": {
        "auc": 0.52115,
        "tpr_at_1fpr": 0.0095,
        "tpr_at_5fpr": 0.051,
        "advantage": 0.044499999999999984,
        "n_samples": 2000
      },
      "Media": {
        "auc": 0.5137288732788223,
        "tpr_at_1fpr": 0.008361204013377926,
        "tpr_at_5fpr": 0.05016722408026756,
        "advantage": 0.04515050167224077,
        "n_samples": 598
      },
      "Network": {
        "auc": 0.4850273749999999,
        "tpr_at_1fpr": 0.0,
        "tpr_at_5fpr": 0.0,
        "advantage": 0.0025000000000000577,
        "n_samples": 2000
      },
      "SocialNetwork": {
        "auc": 0.5113957203975341,
        "tpr_at_1fpr": 0.011160714285714286,
        "tpr_at_5fpr": 0.05654761904761905,
        "advantage": 0.031994047619047616,
        "n_samples": 1344
      },
      "System": {
        "auc": 0.5058253996144617,
        "tpr_at_1fpr": 0.011325028312570781,
        "tpr_at_5fpr": 0.04077010192525481,
        "advantage": 0.03737259343148358,
        "n_samples": 883
      },
      "Web": {
        "auc": 0.49118625,
        "tpr_at_1fpr": 0.0,
        "tpr_at_5fpr": 0.0375,
        "advantage": 0.0025000000000000577,
        "n_samples": 2000
      }
    },
    "macro": {
      "auc": 0.504718936381803,
      "tpr_at_1fpr": 0.006724491101943832,
      "tpr_at_5fpr": 0.039330824175523575,
      "advantage": 0.027336190453795345
    }
  },
  "equal_avg": {
    "auc": 0.5036340202742349,
    "tpr_at_1fpr": 0.004445578884305249,
    "tpr_at_5fpr": 0.030332078754428456,
    "advantage": 0.023626428560231
  }
}