{
  "config": "fs_mild",
  "seed": 456,
  "home_a": {
    "per_class": {
      "Collaborative": {
        "auc": 0.48246599999999995,
        "tpr_at_1fpr": 0.006,
        "tpr_at_5fpr": 0.0335,
        "advantage": 0.020500000000000074,
        "n_samples": 2000
      },
      "Media": {
        "auc": 0.504839,
        "tpr_at_1fpr": 0.0105,
        "tpr_at_5fpr": 0.0605,
        "advantage": 0.024500000000000022,
        "n_samples": 2000
      },
      "Network": {
        "auc": 0.49765887499999995,
        "tpr_at_1fpr": 0.0,
        "tpr_at_5fpr": 0.0,
        "advantage": 0.016500000000000015,
        "n_samples": 2000
      },
      "SocialNetwork": {
        "auc": 0.5044045,
        "tpr_at_1fpr": 0.009,
        "tpr_at_5fpr": 0.0635,
        "advantage": 0.019499999999999962,
        "n_samples": 2000
      },
      "System": {
        "auc": 0.49343375000000006,
        "tpr_at_1fpr": 0.005,
        "tpr_at_5fpr": 0.0455,
        "advantage": 0.007500000000000007,
        "n_samples": 2000
      },
      "Web": {
        "auc": 0.505966125,
        "tpr_at_1fpr": 0.01,
        "tpr_at_5fpr": 0.0545,
        "advantage": 0.02200000000000002,
        "n_samples": 2000
      }
    },
    "macro": {
      "auc": 0.4981280416666667,
      "tpr_at_1fpr": 0.00675,
      "tpr_at_5fpr": 0.042916666666666665,
      "advantage": 0.018416666666666682
    }
  },
  "home_b": {
    "per_class": {
      "Collaborative": {
        "auc": 0.499068625,
        "tpr_at_1fpr": 0.0095,
        "tpr_at_5fpr": 0.052,
        "advantage": 0.013500000000000068,
        "n_samples": 2000
      },
      "Media": {
        "auc": 0.5170481873804543,
        "tpr_at_1fpr": 0.010033444816053512,
        "tpr_at_5fpr": 0.051839464882943144,
        "advantage": 0.05351170568561875,
        "n_samples": 598
      },
      "Network": {
        "auc": 0.5104705,
        "tpr_at_1fpr": 0.0,
        "tpr_at_5fpr": 0.0335,
        "advantage": 0.024499999999999966,
        "n_samples": 2000
      },
      "SocialNetwork": {
        "auc": 0.49947518069727886,
        "tpr_at_1fpr": 0.01636904761904762,
        "tpr_at_5fpr": 0.049107142857142856,
        "advantage": 0.018601190476190466,
        "n_samples": 1344
      },
      "System": {
        "auc": 0.5091805835403603,
        "tpr_at_1fpr": 0.021517553793884484,
        "tpr_at_5fpr": 0.06568516421291053,
        "advantage": 0.0305775764439411,
        "n_samples": 883
      },
      "Web": {
        "auc": 0.5040279999999999,
        "tpr_at_1fpr": 0.0,
        "tpr_at_5fpr": 0.049,
        "advantage": 0.02300000000000002,
        "n_samples": 2000
      }
    },
    "macro": {
      "auc": 0.5065451794363489,
      "tpr_at_1fpr": 0.009570007704830935,
      "tpr_at_5fpr": 0.05018862865883275,
      "advantage": 0.027281745434291727
    }
  },
  "equal_avg": {
    "auc": 0.5023366105515078,
    "tpr_at_1fpr": 0.008160003852415467,
    "tpr_at_5fpr": 0.046552647662749705,
    "advantage": 0.022849206050479205
  }
}