{
  "attack": "shadow_model",
  "per_config": {
    "baseline_fl": {
      "home_a": {
        "auc_mean": 0.5007678291666667,
        "auc_std": 0.0064859217235534155,
        "tpr_at_1fpr_mean": 0.008883333333333333,
        "tpr_at_1fpr_std": 0.0011744975284965246,
        "tpr_at_5fpr_mean": 0.0444,
        "tpr_at_5fpr_std": 0.0056674999387345,
        "advantage_mean": 0.02078333333333333,
        "advantage_std": 0.006577444623695269
      },
      "home_b": {
        "auc_mean": 0.5054582350024491,
        "auc_std": 0.006972587550937693,
        "tpr_at_1fpr_mean": 0.008270133089072967,
        "tpr_at_1fpr_std": 0.0012474009401629265,
        "tpr_at_5fpr_mean": 0.04808384954964119,
        "tpr_at_5fpr_std": 0.003890063891511055,
        "advantage_mean": 0.029696624159934147,
        "advantage_std": 0.006220635517357142
      },
      "equal_avg": {
        "auc_mean": 0.5031130320845578,
        "auc_std": 0.0025863367901243868,
        "tpr_at_1fpr_mean": 0.008576733211203152,
        "tpr_at_1fpr_std": 0.0008783912650500333,
        "tpr_at_5fpr_mean": 0.0462419247748206,
        "tpr_at_5fpr_std": 0.0022489795922798843,
        "advantage_mean": 0.02523997874663374,
        "advantage_std": 0.0023754996399109004
      }
    },
    "fs_mild": {
      "home_a": {
        "auc_mean": 0.49992934583333337,
        "auc_std": 0.0038326966182622942,
        "tpr_at_1fpr_mean": 0.0085,
        "tpr_at_1fpr_std": 0.0013652431610848266,
        "tpr_at_5fpr_mean": 0.04416666666666667,
        "tpr_at_5fpr_std": 0.005879106130092301,
        "advantage_mean": 0.01735000000000002,
        "advantage_std": 0.0039593068978182495
      },
      "home_b": {
        "auc_mean": 0.5011785620302216,
        "auc_std": 0.004585210581577273,
        "tpr_at_1fpr_mean": 0.010466998534125176,
        "tpr_at_1fpr_std": 0.001836156025807765,
        "tpr_at_5fpr_mean": 0.04998057021310136,
        "tpr_at_5fpr_std": 0.005301783840233212,
        "advantage_mean": 0.027088840203501812,
        "advantage_std": 0.001759108835468172
      },
      "equal_avg": {
        "auc_mean": 0.5005539539317774,
        "auc_std": 0.002740351770986194,
        "tpr_at_1fpr_mean": 0.00948349926706259,
        "tpr_at_1fpr_std": 0.001104423377367824,
        "tpr_at_5fpr_mean": 0.04707361843988401,
        "tpr_at_5fpr_std": 0.003214785867599504,
        "advantage_mean": 0.02221942010175092,
        "advantage_std": 0.0019658185062101903
      }
    },
    "dp_sgd": {
      "home_a": {
        "auc_mean": 0.49986025833333325,
        "auc_std": 0.004723170334692673,
        "tpr_at_1fpr_mean": 0.010233333333333334,
        "tpr_at_1fpr_std": 0.0018592113023179124,
        "tpr_at_5fpr_mean": 0.04636666666666667,
        "tpr_at_5fpr_std": 0.004654030511288038,
        "advantage_mean": 0.016283333333333337,
        "advantage_std": 0.0053863510633617015
      },
      "home_b": {
        "auc_mean": 0.5020408483750176,
        "auc_std": 0.0025537476065087706,
        "tpr_at_1fpr_mean": 0.008347596482633904,
        "tpr_at_1fpr_std": 0.00119773377921725,
        "tpr_at_5fpr_mean": 0.04711979440988377,
        "tpr_at_5fpr_std": 0.003699879201550482,
        "advantage_mean": 0.02478412139511099,
        "advantage_std": 0.002583813257177144
      },
      "equal_avg": {
        "auc_mean": 0.5009505533541755,
        "auc_std": 0.0029872620308403195,
        "tpr_at_1fpr_mean": 0.00929046490798362,
        "tpr_at_1fpr_std": 0.0011350499962267356,
        "tpr_at_5fpr_mean": 0.04674323053827521,
        "tpr_at_5fpr_std": 0.003649666219388284,
        "advantage_mean": 0.02053372736422216,
        "advantage_std": 0.0031638628043553544
      }
    }
  },
  "paired_ci": {
    "auc_fs_mild_minus_baseline": {
      "mean_diff": -0.0025590781527804586,
      "ci_low": -0.006225421312702137,
      "ci_high": 0.0011072650071412191
    },
    "tpr1_fs_mild_minus_baseline": {
      "mean_diff": 0.0009067660558594381,
      "ci_low": -4.6222883358307135e-05,
      "ci_high": 0.0018597549950771833
    },
    "tpr5_fs_mild_minus_baseline": {
      "mean_diff": 0.0008316936650634141,
      "ci_low": -0.0027525812700262536,
      "ci_high": 0.004415968600153082
    },
    "auc_fs_mild_minus_dp_sgd": {
      "mean_diff": -0.00039659942239800294,
      "ci_low": -0.00579966589121644,
      "ci_high": 0.005006467046420434
    },
    "tpr1_fs_mild_minus_dp_sgd": {
      "mean_diff": 0.00019303435907897063,
      "ci_low": -0.0025925933671986697,
      "ci_high": 0.0029786620853566106
    },
    "tpr5_fs_mild_minus_dp_sgd": {
      "mean_diff": 0.0003303879016087918,
      "ci_low": -0.00536568346489483,
      "ci_high": 0.006026459268112413
    }
  },
  "n_shadows": 4,
  "shadow_ratio": 0.5
}