{
  "split": "temporal_80_20",
  "model": "small",
  "seeds": {
    "42": {
      "baseline_fl": {
        "combined_macro_f1": 0.6562646680003202,
        "worst_group_f1": 0.06436781609195402,
        "home_a": {
          "macro_f1": 0.7417231324116235,
          "worst_group_f1": 0.27214055216923627,
          "per_class_f1": {
            "Collaborative": 0.27214055216923627,
            "Media": 0.7953625322046375,
            "Network": 0.9802670974390397,
            "SocialNetwork": 0.5341005246234557,
            "System": 0.9469479465734615,
            "Web": 0.9215201414599105
          },
          "loss": 0.22631315868503302
        },
        "home_b": {
          "macro_f1": 0.570806203589017,
          "worst_group_f1": 0.06436781609195402,
          "per_class_f1": {
            "Collaborative": 0.12131546894031668,
            "Media": 0.06436781609195402,
            "Network": 0.9721956100572694,
            "SocialNetwork": 0.48705179282868527,
            "System": 0.8247162673392182,
            "Web": 0.9551902662766586
          },
          "loss": 0.3696578529794231
        }
      },
      "fs_mild": {
        "combined_macro_f1": 0.6388984608521612,
        "worst_group_f1": 0.029281579843377595,
        "home_a": {
          "macro_f1": 0.7027085790765247,
          "worst_group_f1": 0.1012987012987013,
          "per_class_f1": {
            "Collaborative": 0.1012987012987013,
            "Media": 0.7647831800262812,
            "Network": 0.9705429815876203,
            "SocialNetwork": 0.601907556859868,
            "System": 0.859504132231405,
            "Web": 0.9182149224552733
          },
          "loss": 0.2415164560653432
        },
        "home_b": {
          "macro_f1": 0.5750883426277976,
          "worst_group_f1": 0.029281579843377595,
          "per_class_f1": {
            "Collaborative": 0.029281579843377595,
            "Media": 0.10256410256410256,
            "Network": 0.9742817151221805,
            "SocialNetwork": 0.6005540166204986,
            "System": 0.7835683629675047,
            "Web": 0.9602802786491221
          },
          "loss": 0.689458974652485
        }
      },
      "dp_sgd": {
        "combined_macro_f1": 0.5856085302234126,
        "worst_group_f1": 0.023341873042983206,
        "home_a": {
          "macro_f1": 0.7203529711808193,
          "worst_group_f1": 0.2020460358056266,
          "per_class_f1": {
            "Collaborative": 0.2020460358056266,
            "Media": 0.7982708933717579,
            "Network": 0.9739175362358955,
            "SocialNetwork": 0.5773940345368916,
            "System": 0.8473859995910299,
            "Web": 0.9231033275437139
          },
          "loss": 0.41296545898261455
        },
        "home_b": {
          "macro_f1": 0.45086408926600585,
          "worst_group_f1": 0.023341873042983206,
          "per_class_f1": {
            "Collaborative": 0.023341873042983206,
            "Media": 0.06321839080459771,
            "Network": 0.9701034635973171,
            "SocialNetwork": 0.6272335181762169,
            "System": 0.06141522029372497,
            "Web": 0.9598720696811949
          },
          "loss": 0.4968070646984626
        }
      },
      "fs_beats_dp_worst": true,
      "test_support": {
        "home_a": {
          "Collaborative": 4028,
          "Media": 6095,
          "Network": 109085,
          "SocialNetwork": 3787,
          "System": 8065,
          "Web": 68230
        },
        "home_b": {
          "Collaborative": 2770,
          "Media": 322,
          "Network": 47779,
          "SocialNetwork": 1018,
          "System": 665,
          "Web": 71303
        }
      }
    },
    "123": {
      "baseline_fl": {
        "combined_macro_f1": 0.6460495901937735,
        "worst_group_f1": 0.1488833746898263,
        "home_a": {
          "macro_f1": 0.7104234848422349,
          "worst_group_f1": 0.19553706505295007,
          "per_class_f1": {
            "Collaborative": 0.19553706505295007,
            "Media": 0.7824424005099718,
            "Network": 0.9741905035119053,
            "SocialNetwork": 0.523479357075323,
            "System": 0.868579857851683,
            "Web": 0.918311725051577
          },
          "loss": 0.28232656871428924
        },
        "home_b": {
          "macro_f1": 0.5816756955453121,
          "worst_group_f1": 0.1488833746898263,
          "per_class_f1": {
            "Collaborative": 0.17883211678832117,
            "Media": 0.1488833746898263,
            "Network": 0.9730964683776744,
            "SocialNetwork": 0.4630192502532928,
            "System": 0.7711138310893513,
            "Web": 0.9551091320734068
          },
          "loss": 0.3892275442269223
        }
      },
      "fs_mild": {
        "combined_macro_f1": 0.5756290985115896,
        "worst_group_f1": 0.007444168734491315,
        "home_a": {
          "macro_f1": 0.7101614460131214,
          "worst_group_f1": 0.3937383018546878,
          "per_class_f1": {
            "Collaborative": 0.3937383018546878,
            "Media": 0.7367573011077543,
            "Network": 0.965879627075633,
            "SocialNetwork": 0.5181313296308396,
            "System": 0.7271504371870563,
            "Web": 0.9193116792227574
          },
          "loss": 0.23286746383258483
        },
        "home_b": {
          "macro_f1": 0.4410967510100578,
          "worst_group_f1": 0.007444168734491315,
          "per_class_f1": {
            "Collaborative": 0.061510353227771014,
            "Media": 0.041237113402061855,
            "Network": 0.9708970578877034,
            "SocialNetwork": 0.6053984575835476,
            "System": 0.007444168734491315,
            "Web": 0.9600933552247717
          },
          "loss": 0.3016487612920113
        }
      },
      "dp_sgd": {
        "combined_macro_f1": 0.5711472950384413,
        "worst_group_f1": 0.058823529411764705,
        "home_a": {
          "macro_f1": 0.6939794273721658,
          "worst_group_f1": 0.08077617328519855,
          "per_class_f1": {
            "Collaborative": 0.08077617328519855,
            "Media": 0.7840487294184829,
            "Network": 0.9736879756679544,
            "SocialNetwork": 0.5503377821716922,
            "System": 0.8540245566166439,
            "Web": 0.9210013470730223
          },
          "loss": 0.47237966052451996
        },
        "home_b": {
          "macro_f1": 0.4483151627047169,
          "worst_group_f1": 0.058823529411764705,
          "per_class_f1": {
            "Collaborative": 0.07011900932775812,
            "Media": 0.058823529411764705,
            "Network": 0.9690025098753534,
            "SocialNetwork": 0.5640074211502782,
            "System": 0.06839622641509434,
            "Web": 0.9595422800480524
          },
          "loss": 0.5946386188561142
        }
      },
      "fs_beats_dp_worst": false,
      "test_support": {
        "home_a": {
          "Collaborative": 4028,
          "Media": 6095,
          "Network": 109085,
          "SocialNetwork": 3787,
          "System": 8065,
          "Web": 68230
        },
        "home_b": {
          "Collaborative": 2770,
          "Media": 322,
          "Network": 47779,
          "SocialNetwork": 1018,
          "System": 665,
          "Web": 71303
        }
      }
    },
    "456": {
      "baseline_fl": {
        "combined_macro_f1": 0.6631197604182074,
        "worst_group_f1": 0.117096018735363,
        "home_a": {
          "macro_f1": 0.7317404639744282,
          "worst_group_f1": 0.20646986035000883,
          "per_class_f1": {
            "Collaborative": 0.20646986035000883,
            "Media": 0.7913939937247871,
            "Network": 0.974855217243189,
            "SocialNetwork": 0.5991902834008097,
            "System": 0.902127659574468,
            "Web": 0.9164057695533069
          },
          "loss": 0.2522149208875729
        },
        "home_b": {
          "macro_f1": 0.5944990568619867,