{
  "split": "temporal_80_20",
  "model": "medium",
  "seeds": {
    "42": {
      "baseline_fl": {
        "combined_macro_f1": 0.7331341723172707,
        "worst_group_f1": 0.1798165137614679,
        "home_a": {
          "macro_f1": 0.825016564944117,
          "worst_group_f1": 0.5516944284893739,
          "per_class_f1": {
            "Collaborative": 0.5516944284893739,
            "Media": 0.8401130427335788,
            "Network": 0.9811171976826706,
            "SocialNetwork": 0.7065317387304508,
            "System": 0.938223205817262,
            "Web": 0.9324197762113668
          },
          "loss": 0.25437459008306723
        },
        "home_b": {
          "macro_f1": 0.6412517796904245,
          "worst_group_f1": 0.1798165137614679,
          "per_class_f1": {
            "Collaborative": 0.2606689734717416,
            "Media": 0.1798165137614679,
            "Network": 0.9734274069107898,
            "SocialNetwork": 0.6269881990764494,
            "System": 0.8521400778210116,
            "Web": 0.954469507101086
          },
          "loss": 0.41327647167866016
        }
      },
      "fs_mild": {
        "combined_macro_f1": 0.7225028456288847,
        "worst_group_f1": 0.21218074656188604,
        "home_a": {
          "macro_f1": 0.817901831224991,
          "worst_group_f1": 0.5441176470588235,
          "per_class_f1": {
            "Collaborative": 0.5441176470588235,
            "Media": 0.894040843655842,
            "Network": 0.9768186267460255,
            "SocialNetwork": 0.6702076291646547,
            "System": 0.8831432192648923,
            "Web": 0.9390830214597087
          },
          "loss": 0.165804557676818
        },
        "home_b": {
          "macro_f1": 0.6271038600327784,
          "worst_group_f1": 0.21218074656188604,
          "per_class_f1": {
            "Collaborative": 0.21411714224415362,
            "Media": 0.21218074656188604,
            "Network": 0.9735293178504145,
            "SocialNetwork": 0.5652600588812562,
            "System": 0.838131797824696,
            "Web": 0.9594040968342644
          },
          "loss": 0.2994840759129748
        }
      },
      "dp_sgd": {
        "combined_macro_f1": 0.6052201199377416,
        "worst_group_f1": 0.04452054794520548,
        "home_a": {
          "macro_f1": 0.7255739167255904,
          "worst_group_f1": 0.2536290322580645,
          "per_class_f1": {
            "Collaborative": 0.2536290322580645,
            "Media": 0.7838649155722326,
            "Network": 0.9729929434366572,
            "SocialNetwork": 0.575503355704698,
            "System": 0.842528658577462,
            "Web": 0.9249245948044275
          },
          "loss": 0.4652151621712117
        },
        "home_b": {
          "macro_f1": 0.4848663231498928,
          "worst_group_f1": 0.04452054794520548,
          "per_class_f1": {
            "Collaborative": 0.04452054794520548,
            "Media": 0.20388349514563106,
            "Network": 0.9674716088993963,
            "SocialNetwork": 0.6451612903225806,
            "System": 0.08812729498164015,
            "Web": 0.9600337016049031
          },
          "loss": 0.5075304275968329
        }
      },
      "fs_beats_dp_worst": true,
      "test_support": {
        "home_a": {
          "Collaborative": 4028,
          "Media": 6095,
          "Network": 109085,
          "SocialNetwork": 3787,
          "System": 8065,
          "Web": 68230
        },
        "home_b": {
          "Collaborative": 2770,
          "Media": 322,
          "Network": 47779,
          "SocialNetwork": 1018,
          "System": 665,
          "Web": 71303
        }
      }
    },
    "123": {
      "baseline_fl": {
        "combined_macro_f1": 0.747643763786063,
        "worst_group_f1": 0.2376237623762376,
        "home_a": {
          "macro_f1": 0.8308062123850245,
          "worst_group_f1": 0.575547395620835,
          "per_class_f1": {
            "Collaborative": 0.575547395620835,
            "Media": 0.8597125190717096,
            "Network": 0.979144772180574,
            "SocialNetwork": 0.7047496790757382,
            "System": 0.9331142924196199,
            "Web": 0.9325686159416703
          },
          "loss": 0.14338147193097792
        },
        "home_b": {
          "macro_f1": 0.6644813151871015,
          "worst_group_f1": 0.2376237623762376,
          "per_class_f1": {
            "Collaborative": 0.2927379341452413,
            "Media": 0.2376237623762376,
            "Network": 0.9736844910096671,
            "SocialNetwork": 0.7048360200111173,
            "System": 0.8146279949558638,
            "Web": 0.9633776886244821
          },
          "loss": 0.26189557725394313
        }
      },
      "fs_mild": {
        "combined_macro_f1": 0.7132586098135905,
        "worst_group_f1": 0.22419928825622776,
        "home_a": {
          "macro_f1": 0.8046404554373008,
          "worst_group_f1": 0.43430489851976195,
          "per_class_f1": {
            "Collaborative": 0.43430489851976195,
            "Media": 0.8341946962636618,
            "Network": 0.9801082513074657,
            "SocialNetwork": 0.7080597014925373,
            "System": 0.9448912015137181,
            "Web": 0.9262839835266602
          },
          "loss": 0.15924799748228932
        },
        "home_b": {
          "macro_f1": 0.6218767641898802,
          "worst_group_f1": 0.22419928825622776,
          "per_class_f1": {
            "Collaborative": 0.24708051628764596,
            "Media": 0.22419928825622776,
            "Network": 0.9728529964145467,
            "SocialNetwork": 0.5435356200527705,
            "System": 0.7839616995810892,
            "Web": 0.959630464547001
          },
          "loss": 0.3552899936017819
        }
      },
      "dp_sgd": {
        "combined_macro_f1": 0.6156469692834897,
        "worst_group_f1": 0.01609538002980626,
        "home_a": {
          "macro_f1": 0.7597839944565861,
          "worst_group_f1": 0.407089552238806,
          "per_class_f1": {
            "Collaborative": 0.407089552238806,
            "Media": 0.7978593559290208,
            "Network": 0.9742588154899597,
            "SocialNetwork": 0.5959043301547601,
            "System": 0.8551545336699188,
            "Web": 0.9284373792570514
          },
          "loss": 0.49779336233321453
        },
        "home_b": {
          "macro_f1": 0.4715099441103933,
          "worst_group_f1": 0.01609538002980626,
          "per_class_f1": {
            "Collaborative": 0.01609538002980626,
            "Media": 0.20253164556962025,
            "Network": 0.9668740115972588,
            "SocialNetwork": 0.6115196078431373,
            "System": 0.07003891050583658,
            "Web": 0.9620001091167003
          },
          "loss": 0.46948057562396633
        }
      },
      "fs_beats_dp_worst": true,
      "test_support": {
        "home_a": {
          "Collaborative": 4028,
          "Media": 6095,
          "Network": 109085,
          "SocialNetwork": 3787,
          "System": 8065,
          "Web": 68230
        },
        "home_b": {
          "Collaborative": 2770,
          "Media": 322,
          "Network": 47779,
          "SocialNetwork": 1018,
          "System": 665,
          "Web": 71303
        }
      }
    },
    "456": {
      "baseline_fl": {
        "combined_macro_f1": 0.7230905907385998,
        "worst_group_f1": 0.16630196936542668,
        "home_a": {
          "macro_f1": 0.8021820107168608,
          "worst_group_f1": 0.3260793260793261,
          "per_class_f1": {
            "Collaborative": 0.3260793260793261,
            "Media": 0.9043757391451258,
            "Network": 0.9825335054827153,
            "SocialNetwork": 0.7111439114391144,
            "System": 0.9597162401824171,
            "Web": 0.9292433419724655
          },
          "loss": 0.15135900447903075
        },
        "home_b": {
          "macro_f1": 0.6439991707603389,