{
  "attack": "shadow_model",
  "n_shadows": 4,
  "shadow_ratio": 0.5,
  "config": "fs_mild",
  "seed": 789,
  "home_a": {
    "per_class": {
      "Collaborative": {
        "auc": 0.50539275,
        "tpr_at_1fpr": 0.0125,
        "tpr_at_5fpr": 0.058,
        "advantage": 0.02650000000000008,
        "n_samples": 2000
      },
      "Media": {
        "auc": 0.502084125,
        "tpr_at_1fpr": 0.006,
        "tpr_at_5fpr": 0.0395,
        "advantage": 0.014000000000000012,
        "n_samples": 2000
      },
      "Network": {
        "auc": 0.48356925,
        "tpr_at_1fpr": 0.011,
        "tpr_at_5fpr": 0.044,
        "advantage": 0.004,
        "n_samples": 2000
      },
      "SocialNetwork": {
        "auc": 0.50982275,
        "tpr_at_1fpr": 0.0095,
        "tpr_at_5fpr": 0.0635,
        "advantage": 0.03149999999999997,
        "n_samples": 2000
      },
      "System": {
        "auc": 0.50564125,
        "tpr_at_1fpr": 0.0095,
        "tpr_at_5fpr": 0.014,
        "advantage": 0.024500000000000077,
        "n_samples": 2000
      },
      "Web": {
        "auc": 0.49053925,
        "tpr_at_1fpr": 0.0115,
        "tpr_at_5fpr": 0.05,
        "advantage": 0.0044999999999999485,
        "n_samples": 2000
      }
    },
    "macro": {
      "auc": 0.49950822916666665,
      "tpr_at_1fpr": 0.01,
      "tpr_at_5fpr": 0.044833333333333336,
      "advantage": 0.017500000000000016,
      "n_classes_evaluated": 6
    }
  },
  "home_b": {
    "per_class": {
      "Collaborative": {
        "auc": 0.50836675,
        "tpr_at_1fpr": 0.0055,
        "tpr_at_5fpr": 0.0495,
        "advantage": 0.029000000000000026,
        "n_samples": 2000
      },
      "Media": {
        "auc": 0.5024412478607622,
        "tpr_at_1fpr": 0.0033444816053511705,
        "tpr_at_5fpr": 0.06688963210702341,
        "advantage": 0.03678929765886285,
        "n_samples": 598
      },
      "Network": {
        "auc": 0.49259225,
        "tpr_at_1fpr": 0.0125,
        "tpr_at_5fpr": 0.0415,
        "advantage": 0.019000000000000017,
        "n_samples": 2000
      },
      "SocialNetwork": {
        "auc": 0.48191560152706914,
        "tpr_at_1fpr": 0.006696428571428571,
        "tpr_at_5fpr": 0.05505952380952381,
        "advantage": 0.011160714285714274,
        "n_samples": 1344
      },
      "System": {
        "auc": 0.5054662820688761,
        "tpr_at_1fpr": 0.009060022650056626,
        "tpr_at_5fpr": 0.057757644394110984,
        "advantage": 0.020385050962627382,
        "n_samples": 883
      },
      "Web": {
        "auc": 0.49845637499999995,
        "tpr_at_1fpr": 0.007,
        "tpr_at_5fpr": 0.047,
        "advantage": 0.011999999999999983,
        "n_samples": 2000
      }
    },
    "macro": {
      "auc": 0.49820641774278457,
      "tpr_at_1fpr": 0.007350155471139395,
      "tpr_at_5fpr": 0.0529511333851097,
      "advantage": 0.021389177151200756,
      "n_classes_evaluated": 6
    }
  },
  "equal_avg": {
    "auc": 0.4988573234547256,
    "tpr_at_1fpr": 0.008675077735569697,
    "tpr_at_5fpr": 0.04889223335922152,
    "advantage": 0.019444588575600386
  }
}