{
  "attack": "shadow_model",
  "n_shadows": 4,
  "shadow_ratio": 0.5,
  "config": "baseline_fl",
  "seed": 789,
  "home_a": {
    "per_class": {
      "Collaborative": {
        "auc": 0.507714125,
        "tpr_at_1fpr": 0.0125,
        "tpr_at_5fpr": 0.0575,
        "advantage": 0.027000000000000024,
        "n_samples": 2000
      },
      "Media": {
        "auc": 0.511093625,
        "tpr_at_1fpr": 0.012,
        "tpr_at_5fpr": 0.0475,
        "advantage": 0.03149999999999997,
        "n_samples": 2000
      },
      "Network": {
        "auc": 0.48854449999999994,
        "tpr_at_1fpr": 0.0085,
        "tpr_at_5fpr": 0.047,
        "advantage": 0.006500000000000061,
        "n_samples": 2000
      },
      "SocialNetwork": {
        "auc": 0.5060285,
        "tpr_at_1fpr": 0.0115,
        "tpr_at_5fpr": 0.0465,
        "advantage": 0.01749999999999996,
        "n_samples": 2000
      },
      "System": {
        "auc": 0.5005015,
        "tpr_at_1fpr": 0.0095,
        "tpr_at_5fpr": 0.0095,
        "advantage": 0.020000000000000018,
        "n_samples": 2000
      },
      "Web": {
        "auc": 0.494810625,
        "tpr_at_1fpr": 0.01,
        "tpr_at_5fpr": 0.0505,
        "advantage": 0.014999999999999986,
        "n_samples": 2000
      }
    },
    "macro": {
      "auc": 0.5014488125,
      "tpr_at_1fpr": 0.010666666666666666,
      "tpr_at_5fpr": 0.043083333333333335,
      "advantage": 0.019583333333333338,
      "n_classes_evaluated": 6
    }
  },
  "home_b": {
    "per_class": {
      "Collaborative": {
        "auc": 0.4930201249999999,
        "tpr_at_1fpr": 0.013,
        "tpr_at_5fpr": 0.0565,
        "advantage": 0.013500000000000068,
        "n_samples": 2000
      },
      "Media": {
        "auc": 0.4801428395655529,
        "tpr_at_1fpr": 0.0,
        "tpr_at_5fpr": 0.03678929765886288,
        "advantage": 0.00836120401337792,
        "n_samples": 598
      },
      "Network": {
        "auc": 0.4857180000000001,
        "tpr_at_1fpr": 0.0105,
        "tpr_at_5fpr": 0.043,
        "advantage": 0.01200000000000001,
        "n_samples": 2000
      },
      "SocialNetwork": {
        "auc": 0.49257170316043086,
        "tpr_at_1fpr": 0.00744047619047619,
        "tpr_at_5fpr": 0.049107142857142856,
        "advantage": 0.008184523809523836,
        "n_samples": 1344
      },
      "System": {
        "auc": 0.4931222577207066,
        "tpr_at_1fpr": 0.01245753114382786,
        "tpr_at_5fpr": 0.061155152887882216,
        "advantage": 0.027180067950169876,
        "n_samples": 883
      },
      "Web": {
        "auc": 0.49591149999999995,
        "tpr_at_1fpr": 0.009,
        "tpr_at_5fpr": 0.0505,
        "advantage": 0.009500000000000008,
        "n_samples": 2000
      }
    },
    "macro": {
      "auc": 0.4900810709077817,
      "tpr_at_1fpr": 0.00873300122238401,
      "tpr_at_5fpr": 0.04950859890064799,
      "advantage": 0.01312096596217862,
      "n_classes_evaluated": 6
    }
  },
  "equal_avg": {
    "auc": 0.49576494170389085,
    "tpr_at_1fpr": 0.009699833944525338,
    "tpr_at_5fpr": 0.04629596611699066,
    "advantage": 0.016352149647755977
  }
}