{
  "attack": "shadow_model",
  "n_shadows": 4,
  "shadow_ratio": 0.5,
  "config": "baseline_fl",
  "seed": 456,
  "home_a": {
    "per_class": {
      "Collaborative": {
        "auc": 0.505906375,
        "tpr_at_1fpr": 0.011,
        "tpr_at_5fpr": 0.052,
        "advantage": 0.024499999999999966,
        "n_samples": 2000
      },
      "Media": {
        "auc": 0.48189674999999993,
        "tpr_at_1fpr": 0.009,
        "tpr_at_5fpr": 0.041,
        "advantage": 0.003499999999999998,
        "n_samples": 2000
      },
      "Network": {
        "auc": 0.5,
        "tpr_at_1fpr": 0.0,
        "tpr_at_5fpr": 0.0,
        "advantage": 0.0,
        "n_samples": 2000
      },
      "SocialNetwork": {
        "auc": 0.5182135,
        "tpr_at_1fpr": 0.0045,
        "tpr_at_5fpr": 0.0615,
        "advantage": 0.038000000000000034,
        "n_samples": 2000
      },
      "System": {
        "auc": 0.49283337499999985,
        "tpr_at_1fpr": 0.004,
        "tpr_at_5fpr": 0.0445,
        "advantage": 0.0040000000000000036,
        "n_samples": 2000
      },
      "Web": {
        "auc": 0.50386225,
        "tpr_at_1fpr": 0.009,
        "tpr_at_5fpr": 0.0435,
        "advantage": 0.017000000000000015,
        "n_samples": 2000
      }
    },
    "macro": {
      "auc": 0.5004520416666667,
      "tpr_at_1fpr": 0.0062499999999999995,
      "tpr_at_5fpr": 0.04041666666666666,
      "advantage": 0.014500000000000004,
      "n_classes_evaluated": 6
    }
  },
  "home_b": {
    "per_class": {
      "Collaborative": {
        "auc": 0.49606075,
        "tpr_at_1fpr": 0.007,
        "tpr_at_5fpr": 0.039,
        "advantage": 0.01650000000000007,
        "n_samples": 2000
      },
      "Media": {
        "auc": 0.4987444212033422,
        "tpr_at_1fpr": 0.005016722408026756,
        "tpr_at_5fpr": 0.04180602006688963,
        "advantage": 0.038461538461538436,
        "n_samples": 598
      },
      "Network": {
        "auc": 0.49790125,
        "tpr_at_1fpr": 0.0085,
        "tpr_at_5fpr": 0.0505,
        "advantage": 0.013500000000000068,
        "n_samples": 2000
      },
      "SocialNetwork": {
        "auc": 0.4886588098781179,
        "tpr_at_1fpr": 0.01488095238095238,
        "tpr_at_5fpr": 0.052083333333333336,
        "advantage": 0.009672619047619048,
        "n_samples": 1344
      },
      "System": {
        "auc": 0.5103720842541064,
        "tpr_at_1fpr": 0.009060022650056626,
        "tpr_at_5fpr": 0.05549263873159683,
        "advantage": 0.04416761041902606,
        "n_samples": 883
      },
      "Web": {
        "auc": 0.5,
        "tpr_at_1fpr": 0.0,
        "tpr_at_5fpr": 0.0,
        "advantage": 0.0,
        "n_samples": 2000
      }
    },
    "macro": {
      "auc": 0.4986228858892611,
      "tpr_at_1fpr": 0.007409616239839294,
      "tpr_at_5fpr": 0.0398136653553033,
      "advantage": 0.020383627988030614,
      "n_classes_evaluated": 6
    }
  },
  "equal_avg": {
    "auc": 0.49953746377796393,
    "tpr_at_1fpr": 0.006829808119919647,
    "tpr_at_5fpr": 0.040115166010984984,
    "advantage": 0.017441813994015308
  }
}