{
  "attack": "shadow_model",
  "per_config": {
    "baseline_fl": {
      "home_a": {
        "auc_mean": 0.4998988375000001,
        "auc_std": 0.002348540407773395,
        "tpr_at_1fpr_mean": 0.007866666666666666,
        "tpr_at_1fpr_std": 0.0019383555458744465,
        "tpr_at_5fpr_mean": 0.041666666666666664,
        "tpr_at_5fpr_std": 0.006460134157533677,
        "advantage_mean": 0.017283333333333338,
        "advantage_std": 0.003711319022785423
      },
      "home_b": {
        "auc_mean": 0.4982180881868091,
        "auc_std": 0.0047539812736214,
        "tpr_at_1fpr_mean": 0.008783186481317852,
        "tpr_at_1fpr_std": 0.0016581649250550286,
        "tpr_at_5fpr_mean": 0.046397633824655705,
        "tpr_at_5fpr_std": 0.0034506276691656248,
        "advantage_mean": 0.021131609751290067,
        "advantage_std": 0.0045401736462751885
      },
      "equal_avg": {
        "auc_mean": 0.4990584628434046,
        "auc_std": 0.001675854632379082,
        "tpr_at_1fpr_mean": 0.008324926573992258,
        "tpr_at_1fpr_std": 0.0016034571056097997,
        "tpr_at_5fpr_mean": 0.04403215024566119,
        "tpr_at_5fpr_std": 0.003927813586378016,
        "advantage_mean": 0.019207471542311706,
        "advantage_std": 0.0021814101036133123
      }
    },
    "fs_mild": {
      "home_a": {
        "auc_mean": 0.5010130458333333,
        "auc_std": 0.002475305131457421,
        "tpr_at_1fpr_mean": 0.008216666666666667,
        "tpr_at_1fpr_std": 0.0012840906856172148,
        "tpr_at_5fpr_mean": 0.04181666666666666,
        "tpr_at_5fpr_std": 0.004411915683691156,
        "advantage_mean": 0.019050000000000008,
        "advantage_std": 0.003456314671888416
      },
      "home_b": {
        "auc_mean": 0.49954490798020645,
        "auc_std": 0.0019801818905672325,
        "tpr_at_1fpr_mean": 0.008740435746952562,
        "tpr_at_1fpr_std": 0.0018204501518343593,
        "tpr_at_5fpr_mean": 0.04979005494911312,
        "tpr_at_5fpr_std": 0.006116445282775053,
        "advantage_mean": 0.02132922575527394,
        "advantage_std": 0.003136402678629923
      },
      "equal_avg": {
        "auc_mean": 0.5002789769067698,
        "auc_std": 0.0015671011939149206,
        "tpr_at_1fpr_mean": 0.008478551206809615,
        "tpr_at_1fpr_std": 0.0011567962231692033,
        "tpr_at_5fpr_mean": 0.045803360807889895,
        "tpr_at_5fpr_std": 0.00457735863711105,
        "advantage_mean": 0.020189612877636976,
        "advantage_std": 0.001119995135213262
      }
    },
    "dp_sgd": {
      "home_a": {
        "auc_mean": 0.500773725,
        "auc_std": 0.003415771929044706,
        "tpr_at_1fpr_mean": 0.008916666666666666,
        "tpr_at_1fpr_std": 0.002961324778615889,
        "tpr_at_5fpr_mean": 0.043283333333333326,
        "tpr_at_5fpr_std": 0.010054241780352097,
        "advantage_mean": 0.019616666666666678,
        "advantage_std": 0.0033646858859500057
      },
      "home_b": {
        "auc_mean": 0.5009873932074416,
        "auc_std": 0.002628523014580828,
        "tpr_at_1fpr_mean": 0.00955214279807379,
        "tpr_at_1fpr_std": 0.0015466105363810701,
        "tpr_at_5fpr_mean": 0.047746887167589194,
        "tpr_at_5fpr_std": 0.005693227426824149,
        "advantage_mean": 0.025383096072577348,
        "advantage_std": 0.00455892937923641
      },
      "equal_avg": {
        "auc_mean": 0.5008805591037209,
        "auc_std": 0.002730780679047884,
        "tpr_at_1fpr_mean": 0.009234404732370227,
        "tpr_at_1fpr_std": 0.00144839895349018,
        "tpr_at_5fpr_mean": 0.04551511025046127,
        "tpr_at_5fpr_std": 0.005170512586941907,
        "advantage_mean": 0.022499881369622016,
        "advantage_std": 0.002823826509950153
      }
    }
  },
  "paired_ci": {
    "auc_fs_mild_minus_baseline": {
      "mean_diff": 0.0012205140633653078,
      "ci_low": -0.001062726654794955,
      "ci_high": 0.0035037547815255704
    },
    "tpr1_fs_mild_minus_baseline": {
      "mean_diff": 0.00015362463281735488,
      "ci_low": -0.0016801238936976384,
      "ci_high": 0.0019873731593323483
    },
    "tpr5_fs_mild_minus_baseline": {
      "mean_diff": 0.0017712105622287061,
      "ci_low": -0.00501192950179559,
      "ci_high": 0.008554350626253003
    },
    "auc_fs_mild_minus_dp_sgd": {
      "mean_diff": -0.0006015821969508672,
      "ci_low": -0.005385335847903123,
      "ci_high": 0.00418217145400139
    },
    "tpr1_fs_mild_minus_dp_sgd": {
      "mean_diff": -0.0007558535255606137,
      "ci_low": -0.0029760652743742655,
      "ci_high": 0.0014643582232530383
    },
    "tpr5_fs_mild_minus_dp_sgd": {
      "mean_diff": 0.00028825055742863205,
      "ci_low": -0.006211560130422018,
      "ci_high": 0.006788061245279283
    }
  },
  "n_shadows": 4,
  "shadow_ratio": 0.5
}