{
  "n_cap": 2000,
  "per_config": {
    "baseline_fl": {
      "home_a": {
        "auc_mean": 0.5001168125000001,
        "auc_std": 0.002455552964321951,
        "tpr_at_1fpr_mean": 0.0079,
        "tpr_at_1fpr_std": 0.0011333333333333332,
        "tpr_at_5fpr_mean": 0.03888333333333334,
        "tpr_at_5fpr_std": 0.004409459528483435,
        "advantage_mean": 0.01843333333333334,
        "advantage_std": 0.004114473099789179
      },
      "home_b": {
        "auc_mean": 0.5034325322077355,
        "auc_std": 0.002297918918544088,
        "tpr_at_1fpr_mean": 0.00963267563533517,
        "tpr_at_1fpr_std": 0.0017335627751292185,
        "tpr_at_5fpr_mean": 0.04296615951287648,
        "tpr_at_5fpr_std": 0.0032027201924015552,
        "advantage_mean": 0.02535079371692698,
        "advantage_std": 0.0010543372874095263
      },
      "equal_avg": {
        "auc_mean": 0.5017746723538677,
        "auc_std": 0.0021780635267131415,
        "tpr_at_1fpr_mean": 0.008766337817667585,
        "tpr_at_1fpr_std": 0.0008754445770940607,
        "tpr_at_5fpr_mean": 0.04092474642310491,
        "tpr_at_5fpr_std": 0.002582571758797997,
        "advantage_mean": 0.021892063525130158,
        "advantage_std": 0.002288339494943583
      }
    },
    "fs_mild": {
      "home_a": {
        "auc_mean": 0.49996275,
        "auc_std": 0.0034660901014928447,
        "tpr_at_1fpr_mean": 0.007016666666666667,
        "tpr_at_1fpr_std": 0.0005201495511442411,
        "tpr_at_5fpr_mean": 0.031966666666666664,
        "tpr_at_5fpr_std": 0.0041931160516043686,
        "advantage_mean": 0.01876666666666667,
        "advantage_std": 0.0046141087980237395
      },
      "home_b": {
        "auc_mean": 0.5018466773212792,
        "auc_std": 0.003979468275624524,
        "tpr_at_1fpr_mean": 0.007456159259465675,
        "tpr_at_1fpr_std": 0.0012931404672861116,
        "tpr_at_5fpr_mean": 0.047470519320364835,
        "tpr_at_5fpr_std": 0.0022605240061554835,
        "advantage_mean": 0.02351733664516914,
        "advantage_std": 0.005288751052123133
      },
      "equal_avg": {
        "auc_mean": 0.5009047136606396,
        "auc_std": 0.0019296250284150196,
        "tpr_at_1fpr_mean": 0.007236412963066171,
        "tpr_at_1fpr_std": 0.0006541008557874609,
        "tpr_at_5fpr_mean": 0.03971859299351575,
        "tpr_at_5fpr_std": 0.0014312331844043406,
        "advantage_mean": 0.021142001655917904,
        "advantage_std": 0.0025765534073618366
      }
    },
    "dp_sgd": {
      "home_a": {
        "auc_mean": 0.5012976375,
        "auc_std": 0.0032814800825839993,
        "tpr_at_1fpr_mean": 0.005900000000000001,
        "tpr_at_1fpr_std": 0.0017427628129559748,
        "tpr_at_5fpr_mean": 0.03535,
        "tpr_at_5fpr_std": 0.00401849889054773,
        "advantage_mean": 0.018666666666666682,
        "advantage_std": 0.003377211209793604
      },
      "home_b": {
        "auc_mean": 0.5024257356410028,
        "auc_std": 0.0030746732142450783,
        "tpr_at_1fpr_mean": 0.00884264393057662,
        "tpr_at_1fpr_std": 0.00202667820473723,
        "tpr_at_5fpr_mean": 0.04011321200997699,
        "tpr_at_5fpr_std": 0.0014253256741988745,
        "advantage_mean": 0.024567119535532554,
        "advantage_std": 0.0035339416012872137
      },
      "equal_avg": {
        "auc_mean": 0.5018616865705015,
        "auc_std": 0.0012612935270248213,
        "tpr_at_1fpr_mean": 0.00737132196528831,
        "tpr_at_1fpr_std": 0.0016999212194546394,
        "tpr_at_5fpr_mean": 0.0377316060049885,
        "tpr_at_5fpr_std": 0.0022958196366048957,
        "advantage_mean": 0.021616893101099616,
        "advantage_std": 0.0020632458143207033
      }
    }
  },
  "paired_ci": {
    "auc_fs_mild_minus_baseline": {
      "mean_diff": -0.0008699586932282121,
      "ci_low": -0.005032504310924726,
      "ci_high": 0.0032925869244683015
    },
    "tpr1_fs_mild_minus_baseline": {
      "mean_diff": -0.0015299248546014144,
      "ci_low": -0.002721975614793329,
      "ci_high": -0.0003378740944095001
    },
    "tpr5_fs_mild_minus_baseline": {
      "mean_diff": -0.0012061534295891587,
      "ci_low": -0.005938974064623591,
      "ci_high": 0.003526667205445273
    },
    "auc_fs_mild_minus_dp_sgd": {
      "mean_diff": -0.0009569729098618307,
      "ci_low": -0.004951741009127836,
      "ci_high": 0.0030377951894041745
    },
    "tpr1_fs_mild_minus_dp_sgd": {
      "mean_diff": -0.0001349090022221399,
      "ci_low": -0.0016399978914492265,
      "ci_high": 0.0013701798870049467
    },
    "tpr5_fs_mild_minus_dp_sgd": {
      "mean_diff": 0.001986986988527252,
      "ci_low": -0.0028690696547609947,
      "ci_high": 0.006843043631815498
    }
  }
}